{
  "status": 200,
  "response": {
    "items": [
      {
        "id": 0,
        "name": "John",
        "lastName": "Doe",
        "age": 20,
        "phoneNumbers": [
          "0123456789",
          "3215467891",
          "1645189442"
        ]
      },
      {
        "id": 1,
        "name": "Jane",
        "lastName": "Doe",
        "age": 22,
        "phoneNumbers": [
          "1532131512"
        ]
      },
      {
        "id": 2,
        "name": "Jack",
        "lastName": "Dane",
        "age": 25,
        "phoneNumbers": []
      }
    ]
  }
}