<?xml version="1.0" encoding="UTF-8"?>
<root>
  <item name="com.alfarabi.alfalibs.helper.Direction.PaginationDirection">
    <annotation name="android.support.annotation.IntDef">
      <val name="value" val="{com.alfarabi.alfalibs.helper.Direction.LOAD_FROM_TOP, com.alfarabi.alfalibs.helper.Direction.LOAD_FROM_BOTTOM}" />
    </annotation>
  </item>
  <item name="com.alfarabi.alfalibs.helper.PaginationHandler PaginationHandler(android.support.v7.widget.RecyclerView, android.support.v7.widget.RecyclerView.LayoutManager, android.support.v7.widget.RecyclerView.Adapter, int, com.alfarabi.alfalibs.helper.PaginationInterface, com.alfarabi.alfalibs.helper.FindLastItemInLayoutManagerInterface, com.alfarabi.alfalibs.helper.FindFirstItemInLayoutManagerInterface, int, int) 8">
    <annotation name="android.support.annotation.IntDef">
      <val name="value" val="{com.alfarabi.alfalibs.helper.Direction.LOAD_FROM_TOP, com.alfarabi.alfalibs.helper.Direction.LOAD_FROM_BOTTOM}" />
    </annotation>
  </item>
  <item name="com.alfarabi.alfalibs.helper.PaginationHandler direction">
    <annotation name="android.support.annotation.IntDef">
      <val name="value" val="{com.alfarabi.alfalibs.helper.Direction.LOAD_FROM_TOP, com.alfarabi.alfalibs.helper.Direction.LOAD_FROM_BOTTOM}" />
    </annotation>
  </item>
  <item name="com.alfarabi.alfalibs.helper.PaginationHandler.Builder com.alfarabi.alfalibs.helper.PaginationHandler.Builder setDirection(int) 0">
    <annotation name="android.support.annotation.IntDef">
      <val name="value" val="{com.alfarabi.alfalibs.helper.Direction.LOAD_FROM_TOP, com.alfarabi.alfalibs.helper.Direction.LOAD_FROM_BOTTOM}" />
    </annotation>
  </item>
  <item name="com.alfarabi.alfalibs.helper.PaginationHandler.Builder direction">
    <annotation name="android.support.annotation.IntDef">
      <val name="value" val="{com.alfarabi.alfalibs.helper.Direction.LOAD_FROM_TOP, com.alfarabi.alfalibs.helper.Direction.LOAD_FROM_BOTTOM}" />
    </annotation>
  </item>
</root>

